Video;Título del video;Tiempo de publicación del video;Me gusta;Vistas;Tiempo de reproducción (horas);Suscriptores;Impresiones;Tasa de clics de las impresiones (%)
Total;;;1013887;72003135;78587581998;458215;0;0
coK4jM5wvko;Curso Java. Presentación. Vídeo 1;05/05/2014;20187;1920757;697090299;23398;;
2dt79fh7e2s;Curso Excel 2010 Básico. Video 1.Introducción;19/12/2013;9245;1652815;2321726077;6678;;
keahyLxtOfQ;Excel Avanzado 2010 Bases de Datos 1.mp4;15/05/2012;5978;1191490;1368483543;7597;;
y7yHKJliUrs;Curso Access Básico 2010. Creación de BBDD. Vídeo 1.mp4;26/08/2012;6187;979013;1145654597;6272;;
G2FCfQj-9ig;Curso Python. Vídeo 1;24/01/2017;12987;888302;208141525;14485;;
I75CUdSJifw;Curso PHP MySQL. Presentación. Vídeo 1;23/03/2015;7054;740041;123055847;6725;;
O2yphc0ZdAI;Curso Excel 2010 Básico. Video 2. Interfaz del programa;20/12/2013;4073;697666;1253040896;2145;;
Lj97ujkeUXc;Curso Java. Estructuras principales I. Vídeo 4;09/05/2014;8791;599787;1106631584;2515;;
QC9_8nRNNHA;Curso HTML 5. Presentación. Vídeo 1;24/01/2014;7133;583267;217213781;7386;;
F0ILFYl8YgI;Curso Java. Instalación JRE y Eclipse. Vídeo 2;07/05/2014;8188;579643;684892683;3725;;
yppT6GPZMyo;Curso Python. Sintaxis Básica I. Vídeo 3;03/02/2017;7060;550234;522577467;2935;;
9ojhJsXNWCI;Curso Python. Introducción. Vídeo 2;29/01/2017;7704;542885;464256209;4135;;
x3LbUdziE_4;Curso Excel 2010 Básico. Video 3. Selecciones y datos I;20/12/2013;2975;509561;824101428;1005;;
_fgYXIePYDw;Curso PowerPoint 2013. Insertar audio. Vídeo 17;23/04/2015;2428;483043;2311609;857;;
XlCQGjcPIiA;Curso Excel 2010 Básico. Presentación.;18/12/2013;2503;468656;112380293;2558;;
m2nscBtQEIs;Curso JavaScript desde 0. Presentación. Vídeo 1;21/07/2014;5819;454116;190827408;5863;;
6urgg0Eczho;VBA Excel. Introducción. Vídeo 1.mp4;27/08/2012;3397;453287;368692313;4272;;
ty46UHV8ey4;Presentación;13/09/2013;762;444804;34599202;303;;
HtEqtTibqVM;Curso Access Básico 2010. Operaciones con tablas. Vídeo 2.mp4;26/08/2012;2962;437506;760688322;1341;;
cJEzUxkYurk;Curso Java. Introducción. Vídeo 3;08/05/2014;5719;430314;350082348;1248;;
iOiyJgnN71c;Curso SQL. Presentación. Vídeo 1;16/07/2015;4294;421389;85281937;3319;;
CaDGas7Irwg;Curso Excel 2010 Básico. Video 4. Series y listas personalizadas;21/12/2013;2408;406963;587777958;661;;
OS1F6VNA6hs;Curso Java. Estructuras principales II. Vídeo 5;13/05/2014;6918;405923;569780319;1113;;
u4I9PqhqCo8;Curso Python. Sintaxis Básica II  Tipos, operadores y variables. Vídeo 4;11/02/2017;7526;405657;520190155;2655;;
hQDMYslqoZo;Excel Avanzado 2010  Bases de Datos 11  Tablas dinámicas 1;26/08/2012;1773;373502;439678612;1382;;
bq6nJRJq27A;Curso Java. Estructuras principales III. Declaración variables Eclipse  Vídeo 6;13/05/2014;5258;353731;482308491;657;;
Ck_xKbAoKGI;Curso Access Básico 2010. Propiedades de campos. Vídeo 3;29/08/2012;2543;350780;634336943;848;;
tXxOAXP-gkg;Curso PHP MySQL. Instalación software del curso. Vídeo 2;25/03/2015;4340;344537;32094997;1789;;
Ja9UVEgAzEw;Curso PHP MySQL. Primera página PHP. Vídeo 3;30/03/2015;3272;332293;296057296;929;;
ngBOYX4MHTA;Excel Avanzado 2010 Bases de Datos 2. Importar Datos.mp4;18/05/2012;1703;330154;461474709;971;;
jq55KkiE-eY;Curso Access Básico 2010 Relaciones entre tablas I Vídeo 6;06/09/2012;2146;329758;483015754;715;;
6JMdTq-GKRA;Curso Excel 2010 Básico. Video 5. Formatos I;23/12/2013;1781;327475;434799663;387;;
Bk3rY_ICgPo;Curso SQL. Introducción a SQL. Vídeo 2;21/07/2015;4089;321582;374897443;2205;;
pdYkmCcQFd8;Curso Android. Presentación. Vídeo 1;23/02/2016;4652;321123;86053775;2466;;
VY448UWAQ_0;Curso Python. Sintaxis Básica III  Funciones I. Vídeo 5;20/02/2017;5205;316883;389701482;1464;;
qdxwWkTxcmc;Curso Java. Estructuras principales IV. Constantes y Operadores. Vídeo 7;14/05/2014;4801;311512;443126984;517;;
CdfMG_Qy00E;Curso HTML 5. Conceptos básicos. Vídeo 2;25/01/2014;5867;307096;527755628;2277;;
YMyJLs22uY4;Curso Java. Manipulación de cadenas. Clase String I. Vídeo 11;22/05/2014;5165;302536;424314161;984;;
Xl7PeHFoR60;Curso Java. Estructuras principales VI. Clase Math. Vídeo 9;19/05/2014;4863;277958;413784269;532;;
4mcZ6Vhtx8g;Curso Excel 2010 Básico. Video 6. Formatos II;23/12/2013;1589;269895;357333009;265;;
UFob_EWdWLA;Curso Excel 2010 Básico. Video 10  Fórmulas y referencias;28/12/2013;2102;269585;457307443;390;;
9iBFIJEwZTs;Curso Access Básico 2010 Consultas de selección I Vídeo 9;13/09/2012;1819;266570;390230079;697;;
q1yOOTZgYDM;Curso Access Básico 2010. Más propiedades de campos. Vídeo 4;30/08/2012;2065;264550;420424025;575;;
ZyrIzDxSkn8;Excel Avanzado 2010 Bases de Datos 4 Filtro Avanzado.mp4;30/07/2012;1379;261059;382052399;647;;
Lsk4IlJUipA;Curso Word 2010 Avanzado. Presentación  Vídeo 1;17/09/2013;1310;255713;74746632;1417;;
Gywf2wGiTNg;Curso Excel 2010 Básico. Vídeo 8. Cálculos y formato condicional;26/12/2013;1756;255514;385322273;323;;
AppxKri9pLs;Curso Access Básico 2010. Filtros de tabla. Vídeo 5;03/09/2012;1863;253789;445335195;501;;
MoJxxPgCBcg;Curso Java. Estructuras principales V. Constantes y Operadores II. Vídeo 8;14/05/2014;4081;252179;242882681;290;;
OtRGqp-Rt3s;Excel Avanzado 2010 Bases de Datos 3 Ordenar y Autofiltros;20/05/2012;1323;248280;384796209;527;;
F-cDjBkSRT4;Curso HTML 5. Nuevos elementos de estructura en HTML5. Vídeo 3;27/01/2014;4256;247603;400599176;843;;
Ng0_7uZyIoA;Curso Java. Entrada Salida datos I. Vídeo 14;27/05/2014;4530;244381;398497603;473;;
wUejIwrj6qA;Curso Excel 2010 Básico. Video 7. Formatos III;26/12/2013;2057;238689;382309279;288;;
vawEHhV_HFA;Curso Python. Sintaxis Básica IV  Funciones II. Vídeo 6;20/02/2017;3943;234185;270304196;636;;
tt-4YxLYMjQ;Curso Java. Estructuras principales VII. Clase Math II. Vídeo 10;19/05/2014;4131;233105;306783044;279;;
Q8hugySbLQQ;Curso Python. Sintaxis Básica V. Las listas. Vídeo 7;01/03/2017;3928;230627;354605289;705;;
Wjgv2GJUe2I;Curso HTML 5. Estructura del cuerpo y nuevos elementos. Vídeo 4;29/01/2014;3638;219432;369877019;576;;
UqQcCkHgsuk;Curso Excel 2010 Básico Video 9. Hojas, formatos y cálculos.;27/12/2013;1386;219372;350203049;168;;
IOdmCo_7U6s;Curso PHP MySQL. Variables y comentarios. Vídeo 4;02/04/2015;2645;218976;272780615;627;;
8yU7jLJ4xvo;Curso Java. Manipulación de cadenas. Clase String II. Vídeo 12;22/05/2014;3833;218320;275669561;284;;
XmUz5WJmJVU;Curso Java. POO I. Vídeo 27;11/06/2014;4563;215844;262944844;747;;
34ae7ycotqc;Curso Access Básico 2010  Formularios I  Vídeo 19;12/11/2012;1185;214377;242890836;437;;
UID_EKKfpcE;Curso Java  Arrays I. Vídeo 23;07/06/2014;3747;211416;273450769;704;;
ZY5pwm92cWQ;Curso Java. POO II. Vídeo 28;12/06/2014;4041;210212;386233396;399;;
F_48qh3BcDs;Curso Java. Entrada Salida datos II. Vídeo 15;27/05/2014;3383;208581;306387642;180;;
7ALMZymOs_s;Curso Java. POO IV  Getters y Setters. Vídeo 30;17/06/2014;3511;205533;353852715;316;;
0M6qHYdlqpc;Curso Java. Acercamiento a la API  Paquetes. Vídeo 13;23/05/2014;4225;204426;323484055;327;;
OApwiuSAhaU;Curso Access Básico 2010 Relaciones entre tablas II Vídeo 7;06/09/2012;1444;202191;276385149;272;;
np6PH_vs-GI;Curso SQL. Cláusulas y operadores. Vídeo 3;27/07/2015;2313;198304;249450089;605;;
FAN-c38xIWA;Curso Excel 2010 Básico. Video 12. Funciones I;02/01/2014;1466;196406;278889809;249;;
1LTzUf327cQ;Curso HTML 5. CSS_I. Vídeo 6;04/02/2014;2801;196055;324936494;520;;
b2ZtZndiT1Y;Curso Java. Condicionales I. Vídeo 16;29/05/2014;3375;194304;264870307;257;;
23U19omettA;Curso HTML 5. figure figcaption y Nuevos elementos. Vídeo 5;31/01/2014;2851;186627;295989445;386;;
YQinPQVpSd4;Curso Java  POO V. Paso de parámetros. Vídeo 31;18/06/2014;3061;183516;307742188;195;;
kzCwV1bpuMc;Curso Excel 2010 Básico. Video 11. Referencias mixtas, 3D y 4D;30/12/2013;1399;182747;280578992;183;;
HQz8xwAjCsI;Curso Java  Bucles I  Vídeo 18;03/06/2014;3294;182624;213717298;284;;
RZOSJ2zuxIs;Curso Java. POO III. Vídeo 29;12/06/2014;3404;181352;276343983;194;;
rOM1GuV42UA;Curso Access 2010 Avanzado  Presentación  Vídeo 1;29/01/2013;1072;180427;56868753;883;;
hTUJC8HsC2I;Curso Python. Interfaces gráficas I. Vídeo 42;31/01/2018;2757;177759;13353842;1520;;
8t5-D5dZu5Y;Curso Java. Condicionales II. Vídeo 17;29/05/2014;3184;176138;271181024;133;;
aluiC9MjlDg;Excel Avanzado 2010 Bases de Datos 9  Funciones de BBDD;22/08/2012;1079;175555;234739526;527;;
MhaqZ_CY32A;Curso PHP MySQL. Flujo de ejecución. Vídeo 5;03/04/2015;2445;173320;235682402;380;;
6EBNIgkrU74;Curso C#. Presentación. Vídeo 1;08/06/2018;4554;171535;69775766;1909;;
hxk6WdLwQOA;Excel Avanzado 2010  Bases de Datos 12  Tablas dinámicas 2;30/08/2012;1069;168630;271418582;396;;
c-KP9hqsZOs;Curso VBA Excel. Visión global POO. Vídeo 2;29/08/2012;1927;168398;304075899;920;;
SgGxp9nO9Gk;Curso Word 2010 AV Estilos I Vídeo 2;20/09/2013;1232;167747;232797206;643;;
_tUncS0AsNE;Curso Java  Arrays III. Arrays bidimensionales. Vídeo 25;10/06/2014;3141;166474;219567598;297;;
 -L_eAv69Ib8;Curso Access Básico 2010 Consultas de selección II Vídeo 10;13/09/2012;1112;165798;225066208;204;;
NwztwM_xGgU;Curso Java  Arrays II. Vídeo 24;07/06/2014;2904;164980;185906132;205;;
 -d2GWAc-lLo;Curso Excel 2010 Básico. Video 15  Funciones IV. Anidamiento;05/01/2014;1150;164631;251416207;151;;
Ufqh8aoR9hE;Curso Python. Sintaxis Básica VI. Las tuplas. Vídeo 8;09/03/2017;3141;164082;206742541;467;;
QrVO_dvjU-M;Curso JavaScript desde 0. Introducción. Vídeo 2;24/07/2014;2547;163665;230052718;818;;
mxKY7SbpJoo;Excel Avanzado 2010  Macros I  Vídeo 17;19/09/2012;940;162900;21113566;651;;
AfAzcQo3MuE;Curso Access Básico 2010 Propiedades de las relaciones entre tablas Vídeo 8;11/09/2012;1162;162100;223840157;212;;
jht07O7_R9w;Curso Java  POO VI. Construcción objetos. Vídeo 32;18/06/2014;2640;158914;212921286;126;;
lnwoj6i-Sw0;Excel Avanzado 2010  Bases de Datos 5 Validación Datos I;03/08/2012;930;158108;194668156;262;;
S8hSuGi2J5k;Curso Excel 2010 Básico. Video 14. Funciones III;04/01/2014;1172;156054;220992545;136;;
4JoRVs-I8Uk;Curso HTML 5. CSS II Modelo caja contenedor. Vídeo 7;05/02/2014;2144;155781;228424485;195;;
gzJn5MTSL5U;Curso Java  Bucles III. Vídeo 20;03/06/2014;2645;155433;18193559;102;;
TMIoxn4nMtA;Curso Java. Bucles II. Vídeo 19;03/06/2014;2738;154671;181654282;89;;
4nkchdenw-U;CSS Avanzado desde 0. Introducción. Vídeo 1.mp4;18/09/2012;1492;153612;108822828;579;;
iV-4F0jGWak;Curso Python. Condicionales I. Vídeo 10;27/03/2017;2780;150872;205040446;367;;
bdh-6X27QAM;Curso Excel 2010 Básico. Video 13. Funciones II;03/01/2014;1058;149892;188734311;110;;
zSYj95x5WrU;Curso JavaScript desde 0. Sintaxis Básica I. Ubicación del código. Vídeo 3;25/07/2014;1908;149272;203772251;453;;
7q2VBGIKeYc;Curso Java. Aplicaciones gráficas  Swing I. Vídeo 55;22/07/2014;2511;148112;191467225;588;;
2OmgHl8lp0I;Curso Python. Sintaxis Básica VII  Los diccionarios. Vídeo 9;15/03/2017;3294;147604;209787254;410;;
EUCmFmtX26I;Curso Java  Bucles IV. Vídeo 21;04/06/2014;2664;145671;200566687;115;;
LYMjoLJx9Sg;Curso PowerPoint 2013. Patrón de diapositivas I. Vídeo 7;11/04/2015;795;144747;144344349;300;;
8_Gt2yQStdQ;Curso Access Básico 2010. Consultas de selección III. Caracteres comodín. Paramétricas. Vídeo 11 mp4;17/09/2012;1141;144018;200061854;173;;
8xF_BSpSATw;Curso Java. Interfaces y clases internas. Interfaces I. Vídeo 49;12/07/2014;2326;141691;217760107;312;;
CvYqKLhVmww;Curso Excel 2010 Básico. Video 16. Funciones V. Ejercicios;07/01/2014;829;141068;182044443;103;;
wqoyQ3BxK4A;Curso Java. Herencia I. Vídeo 40;02/07/2014;2788;139312;189528296;288;;
g0X2sTfsFbQ;Curso Access Básico 2010  Consultas de selección IV  Consultas de cálculo  Vídeo 12;14/10/2012;1204;137996;203742778;206;;
HNDl_C-Fr_U;Excel Avanzado 2010  Herramientas de análisis  Tablas de datos y Solver  Vídeo 16;14/09/2012;716;134611;160588738;384;;
VD1WOVrgfKs;Curso VBA Excel. Organizando el código. Vídeo 3;01/09/2012;1313;134376;221523387;367;;
ZszzVzKzFnY;Excel Avanzado 2010. Bases de Datos 10. Subtotales;24/08/2012;764;134296;149708171;268;;
kDu_5F159QA;Curso SQL. Triggers I (Disparadores). Vídeo 20;11/02/2016;1909;133553;172051817;778;;
uaOoTFO_Bok;Curso Access Básico 2010  Formularios II  Vídeo 20;14/12/2012;796;133455;161559402;127;;
FiEVzzM2t3U;Curso PowerPoint 2013. Animaciones I. Vídeo 18;30/04/2015;768;133398;101542659;340;;
xEHkuRApCno;Curso Java  Arrays IV. Arrays bidimensionales II. Vídeo 26;10/06/2014;2809;133396;172590844;151;;
l8NmSp7Dz-0;Curso Java  POO VII. Construcción objetos II. Vídeo 33;23/06/2014;2468;132680;177433888;77;;
Bs8JhUpZo8w;Curso VBA Access. Presentación. Vídeo 1;14/11/2013;650;132587;18424819;673;;
qFRmgfS1qpA;Curso HTML 5. CSS3 I  Nuevas reglas. Vídeo 8;07/02/2014;1855;132419;22033777;175;;
wcNXqTkISvg;Curso PHP MySQL. Ámbitos de las variables. Vídeo 6;11/04/2015;2186;132073;15421146;280;;
2Gaw1bwqXps;Curso PowerPoint 2013. Presentación. Vídeo 1;23/03/2015;916;130192;29718571;677;;
NEQEzWtSwzk;Curso VBA Excel. Tipos y variables. Vídeo 4;03/09/2012;1385;129420;223497477;410;;
V1Wgi_FsehM;Curso Java  Bucles V. Vídeo 22;04/06/2014;2442;126482;144559155;87;;
GQGhU1526Oo;Curso Python. Bucles I. For. Vídeo 14;16/04/2017;2495;125437;131212166;394;;
sdJgcMaazmI;Curso Java. Polimorfismo y enlazado dinámico. Vídeo 43;03/07/2014;2403;124476;190077061;158;;
cf7o4s9nFu8;Curso Python. Condicionales II. Vídeo 11;28/03/2017;2249;124430;144892485;231;;
63Uhd3pUZxA;Curso Java  POO IX. Construcción objetos IV. Vídeo 35;23/06/2014;2251;124385;173226306;64;;
QIV7FfXa-zY;Curso Java . Uso static. Vídeo 37;27/06/2014;2554;123631;196416769;115;;
zAExE1jinvY;Curso Excel 2010 Básico. Video 17. Funciones VI;10/01/2014;823;122942;175450615;81;;
UfF2pqCewqo;Curso Java  POO VIII. Construcción objetos III. Vídeo 34;23/06/2014;2324;121657;164814878;57;;
jDYSM4z5oy4;Curso Access Básico 2010  Formularios III  Vídeo 21;15/12/2012;779;121096;160928185;167;;
TPn1200-fbc;Curso SQL. Consultas de agrupación o totales. Vídeo 5;15/08/2015;1615;120175;174770528;249;;
yZk9NdxFUrk;Curso SQL. Cláusula Order By. Ordenando registros. Vídeo 4;15/08/2015;1566;119587;10117205;219;;
e6Sv6T82Nz0;Curso Access 2010 Básico  Consultas de acción I  Creación de tabla  Vídeo 15;06/11/2012;903;119563;154112521;187;;
ewzlCK529eE;Curso Access Básico 2010  Consultas de selección V  Consultas de agrupación  Vídeo 13;21/10/2012;848;118163;137587795;134;;
0sHSrqyZCnM;Curso Laravel. Presentación. Vídeo 1;03/10/2017;2303;117867;19944493;546;;
05l-UA0p_-0;Curso PowerPoint 2013. Insertar vídeos. Vídeo 16;22/04/2015;530;117627;79156706;201;;
BFnH2U4r0O4;Curso Android. Creación de Proyecto Android Studio. Vídeo 3;08/03/2016;2035;115239;152669701;375;;
W5PeRBRHyT0;Curso Android. Características e instalación. Vídeo 2;29/02/2016;2416;114177;119075041;473;;
uUWEfmaFOkE;Curso Java. Programación genérica. ArrayList I. Vídeo 161;18/06/2015;1521;113558;114400134;456;;
tZekQAcSY8o;Curso Java. Constantes  Uso final. Vídeo 36;27/06/2014;2304;112845;144301106;76;;
gYbhDXhJz6E;Curso PHP MySQL. Operadores comparación. Vídeo 9;20/04/2015;1629;111567;150012751;197;;
2LtcWYdVx_I;Curso SQL. Consultas Multitabla II  Inner Join. Vídeo 8;15/09/2015;1391;110292;118788528;287;;
V0wIZ-OglsY;Curso Java. Métodos static. Vídeo 38;30/06/2014;2359;109968;12317393;117;;
qxgEolsC6rg;Curso Python. Condicionales III. Vídeo 12;05/04/2017;2246;109742;13502796;154;;
CwXoB8d8HZ8;Excel Avanzado 2010  Herramientas de análisis  Escenarios  Vídeo 15;10/09/2012;673;109514;150608979;279;;
D416qOEDrhI;Curso de Python. Bucles II  Bucle For. Vídeo 15;18/04/2017;2158;109483;139421581;234;;
UfUM6uzl5SM;Curso de Python. Bucles IV. Bucle While. Vídeo 17;01/05/2017;2025;109197;148321539;253;;
IRKPW88SoYE;Curso PHP. MySQL. Strings. Vídeo 8;18/04/2015;1583;108953;127966099;124;;
9OVBVtBh69o;Excel Avanzado 2010 Bases de Datos 7 Validación III;07/08/2012;778;108619;161340244;109;;
K5Jzs9Z47GY;Excel Avanzado 2010. Herramientas de análisis. Vídeo 14  Buscar Objetivo;04/09/2012;696;108598;130906448;196;;
rEOFpdI3HY0;Curso Java. Herencia II. Vídeo 41;02/07/2014;2197;107106;143064675;82;;
M2Ee0HnSPOU;Curso SQL. Consultas Multitabla I. Vídeo 7;01/09/2015;1244;106117;110803239;225;;
3g_3cbH97cs;Curso Java. Herencia III. Diseñando la herencia. Vídeo 42;03/07/2014;2252;105904;151854958;66;;
ztpYmmecfQs;Curso Java. Clases Abstractas I. Vídeo 45;07/07/2014;2275;105721;121591758;192;;
mXNy_rbZRr8;Curso Access Básico 2010  Informes I  Vídeo 23;22/12/2012;684;105401;130626109;168;;
TWoEsrflsOc;Curso Word 2010 AV. Formularios I. Vídeo 16;03/11/2013;546;105242;151134009;402;;
rGPb5E1UAJA;Curso SQL. Subconsultas I. Vídeo 10;04/10/2015;1481;105022;114454358;382;;
ZaAPQeI7SbM;Excel Avanzado 2010 Bases de Datos 6 Validación II;05/08/2012;730;103877;99431092;93;;
kOM3TK7t_i0;Curso Access Básico 2010  Consultas de selección VI  Consultas con varias tablas  Vídeo 14;21/10/2012;755;103484;149448089;97;;
vfmmIYERvaQ;Curso PHP MySQL. Variables estáticas. Vídeo 7;11/04/2015;1552;103371;57223084;104;;
HxfKmbLqx9g;Excel Avanzado 2010  Bases de datos 13  Agrupaciones y esquemas;02/09/2012;655;101754;102800957;208;;
tX9mrGGwjr0;Curso Java. Sockets XI  Creación de chat IX. Vídeo 200;04/03/2016;591;101460;23614365;138;;
8Tt7bRzd9MY;Curso PowerPoint 2013.  Trabajo con diapositivas. Vídeo 3;26/03/2015;613;100160;97790697;220;;
wlONjcprdSI;Curso HTML 5. Ejercicio guiado I. Vídeo 10;14/02/2014;1365;100028;135723287;101;;
gmceMV8CqSs;Curso Java. Casting de objetos. Clases y métodos final. Vídeo 44;04/07/2014;1972;99872;135777663;146;;
_ZWcobe9afw;Curso Java. Sobrecarga de constructores. Vídeo 39;30/06/2014;2071;99760;127430453;113;;
5yGgitUybss;Curso HTML 5  CSS3 II. Degradados y transiciones. Vídeo 9;11/02/2014;1350;99355;144339101;104;;
cm22dSQE8ZM;Curso Excel 2010 Básico. Video 20. Gráficos I;14/01/2014;724;99293;11709622;86;;
SVmKhuAWvY4;Curso JavaScript desde 0. Sintaxis Básica II.  Estructuras Básicas. Vídeo 4;28/07/2014;1650;98956;132249853;245;;
Viqbqd1ppk4;Curso Excel 2010 Básico. Video 18. Funciones VII;10/01/2014;693;98117;9713292;54;;
TTUsELjfvlU;Curso VBA Excel Ámbito de las variables. Constantes Vídeo 5;11/09/2012;1037;97838;152455752;191;;
ibzYwq30CRw;VBA Excel  Matrices de una dimensión  Vídeo 6;18/09/2012;900;96310;176901538;167;;
rDGsWYnQEJY;Curso Python. Condicionales IV. Vídeo 13;05/04/2017;2032;95819;125272113;147;;
2sqyWw4ayrI;Curso Access Básico 2010  Formularios IV  Vídeo 22;15/12/2012;688;95642;115032063;107;;
M80CzDC1Crc;Curso Python. Interfaces gráficas II. Vídeo 43;14/02/2018;1518;94981;82664273;358;;
My6N6A7vZak;Curso Word 2010 AV Estilos II Vídeo 3;23/09/2013;698;94339;154190112;241;;
wk95G-XgWfc;Curso Java. Aplicaciones gráficas. Swing II. Colocando el Frame. Vídeo 56;27/07/2014;1682;94002;95532615;149;;
nNu6ideyyGs;Curso Java  Aplicaciones gráficas. Swing V. Dibujando en el Frame. Vídeo 59;01/08/2014;1413;93201;80792612;177;;
qXhc4wbDaqU;Curso Java. Threads I. Programación de hilos. Vídeo 168;15/07/2015;1435;91859;117783624;433;;
TLVnoqXGWpY;Curso de Python. Generadores I. Vídeo 19;24/05/2017;1928;91736;11171682;178;;
LDZUBY0mxv8;Curso Java. Clases Abstractas II. Vídeo 46;07/07/2014;1852;91697;146724337;64;;
PRk-oXth2do;Curso Access 2010 Avanzado  Macros I  Vídeo 25;09/09/2013;485;91229;104005536;307;;
qwfzpXI_Qyw;Curso SQL. Consultas de cálculo. Vídeo 6;28/08/2015;1193;90966;102189539;177;;
8s-JOGBV8nY;Excel Avanzado 2010  Macros II  Vídeo 18;19/09/2012;575;90910;105772214;140;;
KFz-mXB7qVI;Curso de Python. Bucles II  Bucle For  Vídeo 16;18/04/2017;1602;90260;68253568;104;;
i-_29gVPQis;Curso VBA Excel  Formularios de Usuario  UserForms  Vídeo 34;29/07/2013;541;89681;115665685;387;;
27KDa_3wk6w;Excel Avanzado 2010 Bases de Datos 8 Validación IV;22/08/2012;682;89408;87593603;73;;
t29X-z14j8M;Curso VBA Excel. Matrices de dos dimensiones I. Vídeo 7.mp4;21/10/2012;753;88923;104126039;173;;
9nylOA13kMw;Curso Access 2010 Básico Consultas de acción II Eliminación Vídeo 16;06/11/2012;683;88858;104271192;77;;
QRiy6UHwubM;Curso Android. Partes de un Proyecto  Creación de AVD. Vídeo 4;08/03/2016;1426;87649;119731641;168;;
LKrBvE3yAZo;Curso PHP MySQL. BBDD MySql. Vídeo 33;02/07/2015;1405;87103;92147239;145;;
awUrlWF38Lc;Curso PHP MySQL. Conectando la web con la BBDD. Vídeo 36;13/07/2015;1305;86836;116298463;108;;
BGY-SQtVzJU;Curso PHP MySql. Sistema de login I. Vídeo 59;02/03/2016;1018;86797;99133521;271;;
rK2gM-n0oaM;Curso Excel 2010 Básico. Video 19  Ejercicios.Funciones VIII;13/01/2014;542;86653;92559094;46;;
zADgVrhtBDs;Curso Java. Aplicaciones gráficas. Swing III. Colocando el Frame II. Vídeo 57;27/07/2014;1508;86102;102067816;78;;
BOZb4UTHUYE;Excel Avanzado 2010  Macros III  Vídeo 19;26/09/2012;539;85714;106704995;131;;
etQN4EfYN7k;Curso Java. Streams I. Accediendo a ficheros.  Lectura. Vídeo 152;21/05/2015;1380;85224;107119073;265;;
onkcmWVfkNY;Curso Access 2010 Avanzado  Importación I  Vídeo 2;30/01/2013;538;84232;97242836;180;;
eidffYi0kUk;Curso JavaScript desde 0. Sintaxis Básica III. Operadores Básicos. Vídeo 5;28/07/2014;1446;83925;116445679;125;;
59Tpg7XbIEo;Curso Java. Interfaces y clases internas  Interfaces II. Vídeo 50;14/07/2014;1537;83672;100279534;58;;
DwriSApbm50;Curso Java. Tipos enumerados. Vídeo 48;11/07/2014;1785;83634;121399818;116;;
zWUMgcFbOlg;Curso Java. Aplicaciones gráficas  Swing IV. Escribiendo en el Frame. Vídeo 58;30/07/2014;1594;83129;116764759;92;;
f719B0LDpiE;Curso JavaScript desde 0. Sintaxis Básica IV. Operadores y prompt. Vídeo 6;02/08/2014;1450;83039;11826733;129;;
Y_SiIgxc-xI;Curso de Python. POO III. Vídeo 26;03/07/2017;1813;82688;115955717;134;;
45SBGMBV0B0;Curso C #. Primera aplicación. Vídeo 2;13/06/2018;2781;81874;105236396;545;;
THQ2RtkcQXw;Curso Access 2010 Básico Consultas de acción III Datos Anexados Vídeo 17;08/11/2012;588;81684;90511952;62;;
fUr87Z2m1nU;Curso PHP MySQL. Operadores matemáticos I. Vídeo 11;27/04/2015;1154;81107;76514103;63;;
hTeFMke6F6Q;Curso JavaScript desde 0. Sintaxis Básica V  Arrays, Matrices, Arreglos. Vídeo 7;04/08/2014;1452;81031;107571776;190;;
yzYn-GOMFug;Curso Access 2010 Básico Consultas de acción IV Actualización Vídeo 18;08/11/2012;635;80949;6438119;73;;
 -fx0NSiqeyw;Curso PHP MySQL. Declaración de constantes. Vídeo 10;25/04/2015;1291;80674;87655919;90;;
sqKWTBbLJ_M;Curso PHP MySQL. Programación Orientada a Objetos POO I. Vídeo 22;01/06/2015;1357;80480;70497236;190;;
qScCQb-hVLk;Curso Access 2010 Avanzado  Formularios I  Vídeo 18;14/06/2013;409;79757;8422983;210;;
J_u2sj4HYp0;Curso VBA Excel  Variables objeto  Vídeo 8;16/12/2012;717;79687;111830925;100;;
5Ohme4A2Weg;Curso de Python. POO I. Vídeo 24;02/07/2017;1772;79070;69484173;267;;
Ix4FOiA3tJU;Curso VBA Excel  Funciones predefinidas I  Vídeo 9;18/12/2012;699;79048;132690309;118;;
o4iWUTTjFq4;Excel Avanzado 2010  Macros IV  Vídeo 20;26/09/2012;563;78787;74829555;183;;
szu35q2iX2o;Curso Word 2010 AV  Tablas contenido I  Vídeo 5;20/10/2013;574;78410;105756276;166;;
eQWnegzD6ug;Curso Java. Modificadores de acceso. Clase Object. Vídeo 47;08/07/2014;1651;78320;110386654;69;;
hIYVqg89CVI;Curso VBA Access. Introducción. Vídeo 2;16/11/2013;614;77647;108141105;390;;
b8rkMBnXuwk;Curso Java. Eventos I. Vídeo 65;20/08/2014;1525;77618;84685911;155;;
cFLsynl91B0;Curso Java. Acceso a BBDD. JDBC I. Vídeo 201;18/03/2016;1189;75870;42523887;251;;
vbh-H7ihgfI;Presentación canal;01/01/1970;274;75631;959328;227;;
Jhp_c1cdca8;Curso Excel 2010 Básico. Video 22. Visualización I;17/01/2014;622;75475;105574363;41;;
x5CY8fVyYLo;Curso de Python. POO IV. Vídeo 27;04/07/2017;1603;75420;104545596;96;;
XxiFkKr685g;Curso HTML 5. JavaScript  Introducción. Vídeo 12;19/02/2014;1204;75336;107061064;87;;
6wB-0QSkk3Y;Curso JavaScript desde 0. POO I. Vídeo 9;09/08/2014;1451;74411;113766334;190;;
Q98nXcZyVxo;Curso PHP MySQL. Obteniendo registros de la BBDD. Vídeo 37;13/07/2015;1056;73276;8081004;65;;
1CbIesPbSjA;Curso VBA Excel  Condicional If I  Vídeo 11;28/01/2013;1037;72912;96891984;256;;
qAMaqeGPZA4;Curso Excel 2010 Básico. Vídeo 21. Gráficos II;16/01/2014;627;72828;80101461;39;;
_Gy8-hCA8a0;Curso SQL. Procedimientos almacenados I. Vídeo 23;22/03/2016;983;72601;64715463;275;;
Nf4-gvf-tNg;Curso Python. Interfaces gráficas III. Vídeo 44;12/03/2018;1214;72249;48490428;171;;
VBvRGtEEGGE;Curso Java  Aplicaciones gráficas. Swing VI  Dibujando en el Frame II. Vídeo 60;01/08/2014;1163;71821;78362924;73;;
giwVzPddKKU;Curso Android. Crear interfaz de usuario I. Vídeo 9;01/04/2016;1551;71811;8927513;227;;
lL8_bL24xd4;Curso PHP MySQL. Importación de tablas MySql. Consultas SQL con filtros. Vídeo 38;22/07/2015;946;71522;78021532;73;;
fQ3wf7YSRGA;Curso Word 2010 AV. Macros I. Vídeo 21;15/11/2013;444;71010;1058861;292;;
2dfUOmqQMpo;Curso Access 2010 Avanzado  Informes I  Vídeo 22;20/08/2013;325;70935;73135014;130;;
2UNrSiKEI8w;Curso de Python. POO II. Vídeo 25;02/07/2017;1620;70653;6779089;123;;
hOrnrgilpDE;Curso HTML 5. Ejercicio guiado II. Vídeo 11;14/02/2014;1088;70383;88374566;57;;
AyIXi3iMZY0;Curso Access Básico 2010  Informes II  Vídeo 24;22/12/2012;783;69713;53025744;149;;
swtCq7eZh5w;Curso PHP MySQL. Programación Orientada a Objetos POO II. Vídeo 23;01/06/2015;1077;69321;72696867;60;;
pc2B--3842o;Curso PowerPoint 2013. Introducción. Vídeo 2;24/03/2015;522;69223;59512225;145;;
c8WCRTU4udo;Curso de Python. Bucles V  Continue, pass y else. Vídeo 18;03/05/2017;1504;69012;76694285;84;;
V87m9SltcI8;Curso Python. Archivos externos I. Vídeo 37;26/10/2017;1338;68952;62656598;171;;
ed-OyXDxNjM;Curso Java. JSP I. Vídeo 228;30/09/2016;1069;68824;60770034;320;;
493K3phPVBo;Curso PHP MySQL. Creando y eliminando tablas MySql. Vídeo 34;07/07/2015;1093;68748;73656037;83;;
kl6bS60ImHc;Curso Excel 2010 Básico. Video 24. Vistas e impresión;23/01/2014;811;68417;77100702;172;;
N99-7gvjy6o;Curso SQL.Consultas Multitabla III. Left Join y Right Join. Vídeo 9;17/09/2015;902;68332;681892;75;;
lQTpWyQbVsQ;Curso PHP MySQL. Operadores matemáticos II. Vídeo 12;27/04/2015;1027;68145;80329411;48;;
L0Y6hawPB-E;Curso Java. Sockets I. Vídeo 190;05/01/2016;1173;67432;66069495;353;;
6cI93iRYzCg;Curso PowerPoint 2013. Trabajo con gráficos. Vídeo 13;15/04/2015;383;67198;52862849;115;;
YRs8j0QGEn0;Curso Python. Interfaces gráficas IV. Vídeo 45;14/03/2018;1218;66916;74036574;140;;
TipyOAYGsdc;Curso Java. Acceso a BBDD. JDBC II. Vídeo 202;18/03/2016;921;66889;76242078;101;;
yn-o0rxXW0o;Curso JavaScript desde 0. Sintaxis Básica V. Arrays, Matrices, Arreglos II. Vídeo 8;04/08/2014;1137;66812;83506125;78;;
QSohwTY04Go;Curso Java. Excepciones I. Vídeo 142;07/04/2015;1170;66346;83713175;271;;
9BQZbHQEN0w;Curso Excel 2010 Básico. Video 23. Visualización II;22/01/2014;543;65051;7868497;19;;
2MaAs7XU2T0;Curso de Python. Excepciones I. Vídeo 21;12/06/2017;1531;64827;72539014;80;;
OU-e2uhoGxE;Curso de Python. POO V. Vídeo 28;17/07/2017;1496;64802;84814701;110;;
MTdly6e-jPU;Curso Java. Interfaces y clases internas  Interfaces III. Vídeo 51;14/07/2014;1233;64801;8209031;32;;
zwSub29uORc;Curso Java. Eventos II. Vídeo 66;20/08/2014;1165;63831;70808358;41;;
UpaFasX4dO4;Curso Access 2010 Avanzado  Formularios III  Vídeo 20;16/07/2013;359;63797;76395833;142;;
PpVBmzUgxcM;Curso Word 2010 AV. Plantillas. Vídeo 20;12/11/2013;357;63759;89493354;187;;
B3ZuFqmf1-I;Curso PHP MySQL. Programación Orientada a Objetos POO III. Vídeo 24;01/06/2015;1051;63692;68748184;52;;
pTQ9E--lKeQ;Curso PowerPoint. Notas del orador. Vídeo 9;14/04/2015;393;63391;57428753;92;;
oOajUMZ-yjg;Curso HTML 5. JavaScript Identificación de elementos. Vídeo 13;19/02/2014;974;63378;90556801;48;;
 -GXfloLqZrc;Curso PHP MySQL. Condicionales I. Uso IF. Vídeo 15;04/05/2015;1013;63276;75613796;56;;
omyhodE5UW4;Curso PHP MySQL. Funciones I. Vídeo 20;22/05/2015;1076;62388;75490385;100;;
ucaHqGII350;Curso de Python. Generadores II. Vídeo 20;31/05/2017;1374;62024;47985036;74;;
0fifCsOYbXw;Curso Java. Interfaces y clases internas  Interfaces IV. Vídeo 52;16/07/2014;1359;61771;105172591;34;;
rQS5P63GTU8;Curso Java. Interfaces y clases internas. Clases internas I. Vídeo 53;17/07/2014;1273;61014;84449471;52;;
jSm8GoLPKMQ;Curso VBA Excel  Bucle While  Vídeo 14;22/02/2013;655;60971;82816429;153;;
JEyGIhD9us8;Curso PHP MySQL. Modificando tablas con SQL. Vídeo 35;09/07/2015;937;60949;65601185;47;;
lCpMJ2LFdLg;Curso SQL. Subconsultas II. Vídeo 11;22/10/2015;917;60549;74869901;103;;
NZAcuf1rjXk;Curso PHP MySQL. Programación Orientada a Objetos POO IV. Herencia. Vídeo 25;07/06/2015;1307;60436;85030659;88;;
mMTlAQwi1Cg;Curso Java  Aplicaciones gráficas. Swing VII. Manejando colores. Vídeo 61;07/08/2014;1105;60234;69236512;32;;
z3CGPfjSYN8;Curso Java  Aplicaciones gráficas. Swing IX  Incluyendo imágenes. Vídeo 63;13/08/2014;1073;60024;75945054;56;;
VeFxfAIWz6Q;Curso PHP MySQL. Página de búsqueda I. Vídeo 39;30/07/2015;796;60008;52564563;46;;
2UOhNGXkros;Curso PHP MySQL. Funciones matemáticas y casting. Vídeo 14;03/05/2015;993;59455;54865384;45;;
l9iOi4UGtCE;Curso Laravel. Instalación. Vídeo 3;19/10/2017;943;59362;57544801;109;;
xPci19sTjek;Curso PHP MySQL. Arrays I. Vídeo 30;22/06/2015;1039;59310;66293641;108;;
u_VbLsIyzRk;Curso de Python. POO VI. Herencia. Vídeo 29;01/08/2017;1416;59267;71875787;89;;
n_z5f39_iTU;Curso PHP MySql. Modelo Vista Controlador I. Vídeo 78;05/08/2016;958;59198;53828071;287;;
nZF9SwhmPRo;Curso Python. Interfaces gráficas V. Vídeo 46;24/03/2018;1410;59188;547096;187;;
3a4n2pf5wRs;Curso PowerPoint. Los temas. Vídeo 6;08/04/2015;356;58933;63620381;90;;
xpFs7fc0mqA;Curso Word 2010 AV. Estilos III. Vídeo 4;22/10/2013;439;58262;79203037;99;;
CfKVU0i7w_w;Curso JavaScript desde 0. POO II. Vídeo 10;11/08/2014;1115;58216;65729581;60;;
 -JZb1d0vl1g;Curso VBA Excel  Funciones predefinidas II  Vídeo 10;18/12/2012;564;58174;86742255;60;;
a782bCx3Eq4;Curso PHP MySQL. Operadores matemáticos III. Vídeo 13;27/04/2015;820;58109;32967648;33;;
1Uy1hBEUu_4;Curso PowerPoint 2013. Transiciones. Vídeo 20;05/05/2015;288;57549;35504586;73;;
Jry-w49tGV8;Curso PowerPoint 2013. Hipervínculos y acciones. Vídeo 22;11/05/2015;351;57487;50650914;107;;
bGQbgejFyBo;Curso SQL. Triggers II Disparadores. Vídeo 21;20/02/2016;884;57430;65645955;136;;
t93x-vnFvP4;Curso de Python. Módulos. Vídeo 34;18/09/2017;1333;57041;63963806;138;;
rFnzAWMLJZU;Curso Android. Primera aplicación I. Interfaz. Vídeo 11;04/04/2016;912;56619;7240305;60;;
7XO1AzwkPPE;Curso Django. Introducción e Instalación.Vídeo 1;17/07/2019;1741;56188;28903943;467;;
hgHvmjyHxpU;Curso Java  Eventos VII. Eventos de teclado I. Vídeo 71;02/09/2014;1157;56087;67892183;135;;
cWzFqLdMdy8;Curso VBA Excel  Formularios de Usuario  UserForms II  Vídeo 35;30/07/2013;379;55734;72570522;115;;
Ou1O4AqMq3I;Curso Access 2010 Avanzado  Formularios II  Vídeo 19;26/06/2013;299;55657;70010492;76;;
gjHwiYTu9TQ;Curso PowerPoint. Trabajo con objetos I. Vídeo 4;26/03/2015;422;55417;61575615;70;;
SxN4NwDCUcc;Curso HTML 5. Eventos en HTML5 con JavaScript I. Vídeo 15;25/02/2014;907;55297;77877484;99;;
bTu-fz1JmWQ;Curso Java. Colecciones I. Vídeo 179;09/10/2015;1309;55297;59163175;369;;
ZTVkWPE7Qzg;Curso VBA Excel  Condicional If II  Vídeo 12;06/02/2013;509;55049;83896971;62;;
Ktcny-flKtk;Curso Android. Acelerando AVD. Vídeo 5;11/03/2016;879;54406;40772668;63;;
HH3c6ZBvSx8;Curso de Python. Excepciones II. Vídeo 22;14/06/2017;1383;54256;72999169;67;;
1Kr9-Q6sso8;Curso Word 2010 AV. Control de cambios. Combinar y comparar. Vídeo 19;09/11/2013;266;54226;78306196;80;;
5kEh5TPE0rI;Curso Access 2010 Avanzado  Consultas de Unión  Vídeo 16;02/06/2013;334;54139;6672499;151;;
POj5owpInuY;Curso Java. Serialización. Vídeo 157;03/06/2015;952;54027;62797509;196;;
kFIvslQQZ9k;Curso Spring. Presentación. Vídeo 1;18/12/2018;1608;53986;1106476;264;;
ecq85nMsrXc;Curso Word 2010 AV  Combinación I  Vídeo 8;13/10/2013;332;53570;7086526;73;;
TBzGXYqFq3w;Curso Java. Manipulación archivos y directorios. Clase File I. Vídeo 159;13/06/2015;824;53562;45118644;173;;
jMQQN9OxwVc;Curso de Python. POO VII  Herencia II. Vídeo 30;03/08/2017;1317;53159;8058813;62;;
Oq6DGQdvA1s;Curso PHP MySQL. Funciones II. Parámetros por valor y por referencia. Vídeo 21;26/05/2015;1043;52929;54368504;78;;
jI2pp0ILs40;Curso JavaScript desde 0. Control flujo  Condicional If I. Vídeo 11;11/08/2014;1050;52684;63866782;45;;
uDNfxOoLzSI;Curso PHP MySQL. PDO Conexión a BBDD. Vídeo 52;26/11/2015;792;52529;48136902;138;;
mtO5AJxCMio;Curso Java  Eventos IV. Eventos de ventana I. Vídeo 68;25/08/2014;977;52286;62012363;35;;
SRT6uq5UTbc;Curso C#. Sintaxis básica I. Vídeo 3;16/06/2018;1666;52124;62936219;261;;
X1gto0cBu0s;Curso PHP MySql. Subir imágenes al servidor. Vídeo 83;12/09/2016;661;52124;440601;99;;
4J-10RpxK_w;Curso Java. Aplicaciones gráficas. Swing VIII. Cambiando la letra en el Frame. Vídeo 62;07/08/2014;936;52123;52131721;24;;
smqErwm8Usc;Curso Android. Componentes de una app. Vídeo 8;20/03/2016;1339;52063;61629611;127;;
UsfOT0esKBk;Curso PHP MySql. Encriptando Password. Vídeo 68;03/06/2016;954;51895;45144827;220;;
I66z0XoUg38;Curso VBA Excel  Ejercicio Repaso I  Vídeo 15;24/02/2013;445;51788;66440346;49;;
GNKmhwU7eps;Curso VBA Excel  Select Case  Vídeo 13;15/02/2013;532;51729;50330794;68;;
I_vUf9WKElU;Curso PHP MySQL. Programación Orientada a Objetos POO V. Modificadores de acceso I. Vídeo 26;11/06/2015;1006;51640;59632533;45;;
Fr8lqCKwjmM;Curso Java. Layouts I. Vídeo 81;14/10/2014;1430;51489;5020045;136;;
oe04X1B14YY;Curso de Python. POO VIII. Herencia III. Vídeo 31;15/08/2017;1322;51287;80981891;60;;
gaJjBm-T7SE;Curso PHP MySQL. Insertando registros en BBDD MySql. Vídeo 42;20/08/2015;692;51282;44695711;37;;
VEJZFbjOICs;Curso JavaScript desde 0. JQuery I. Vídeo 29;30/09/2014;919;50734;64384694;56;;
ZJuVQ9jUg-A;Curso Python. BBDD I. Vídeo 55;05/06/2018;971;50678;43216698;174;;
nG2qfzmxUh8;Curso Android. Crear interfaz de usuario II. Vídeo 10;02/04/2016;979;50509;63978518;57;;
CZzyi_0ImwI;Curso Java. Servlets I. Vídeo 246;13/03/2017;895;50319;51583803;277;;
oK8auflEbOY;Curso Android  Primera aplicación II  Lógica  Vídeo 12;04/04/2016;917;49909;58329957;51;;
aQ5PAyVqazg;Curso VBA Access. Tipos y variables. Vídeo 3;19/11/2013;409;49732;63003912;99;;
pw-iABL-mAk;Curso PowerPoint. Patrón de diapositivas II. Vídeo 8;11/04/2015;361;49598;49464373;78;;
R8fnLtVuLxA;Curso Java. Eventos III. Vídeo 67;21/08/2014;994;49582;43481153;29;;
h40wdLq7Tb8;Curso PHP MySQL. Programación Orientada a Objetos POO VII. Variables y métodos estáticos. Vídeo 28;17/06/2015;1043;49536;70799513;33;;
yvhqZXQ2FO0;Curso HTML 5. JavaScript  Identificación de elementos II. Vídeo 14;20/02/2014;807;49459;5918082;25;;
ocUt4ueN9v8;Curso PHP MySql. Perfiles de usuario y menús. Vídeo 97;09/01/2017;765;49297;24313731;173;;
hwxlQeWLKqA;Curso Word 2010 AV Tablas contenido II Vídeo 6;07/10/2013;431;49208;66517836;49;;
E-0Ij1ouXu0;Curso Java  Aplicaciones gráficas. Swing X  Incluyendo imágenes II. Vídeo 64;13/08/2014;852;48721;43973199;27;;
HQMqBh1YmnI;Curso PHP MySQL. Condicionales II. Operador ternario. Vídeo 16;08/05/2015;828;48704;39858353;22;;
E65jI1KOIe4;Curso Access 2010 Avanzado. Referencias cruzadas. Vídeo 14;12/04/2013;325;48701;51953265;77;;
nal3um27Cfk;Curso JavaScript desde 0. Control flujo. Condicional If II. Vídeo 12;12/08/2014;902;48624;63209947;32;;
_3t4NDUQYZU;Curso PHP MySQL. Página de búsqueda II. Vídeo 40;30/07/2015;788;48512;41967517;51;;
eqL1qbYVkf8;Curso PHP MySql. CRUD I. Vídeo 70;22/06/2016;632;48283;40491535;90;;
nK1lhvZ_tJc;Curso HTML 5. API Canvas I Dibujando con HTML5. Vídeo 26;09/03/2014;615;48267;5665815;165;;
XVdVqJKk8Mc;Curso Android. Conectando dispositivo físico. Vídeo 6;11/03/2016;849;48243;25163411;37;;
5Q1rzE323zE;Curso Access 2010 Avanzado  Macros II  Vídeo 26;09/09/2013;309;48051;57072404;88;;
oGC7XMYnAXo;Curso PHP MySQL. Bucles I  While y Do While. Vídeo 18;11/05/2015;823;47980;42564784;49;;
sBEDYuhPKRk;Curso Word 2010 AV. Formularios II. Vídeo 17;04/11/2013;262;47865;56727754;106;;
t5F1QBdOk6I;Curso VBA Excel  Tablas dinámicas I  Vídeo 41;25/09/2013;389;47840;60255157;182;;
vzt7sdRMs84;Curso PHP MySQL. Arrays II. Vídeo 31;23/06/2015;854;47802;5133002;39;;
mLosHjJdc54;Curso SQL. Agregar, eliminar y modificar campos. Vídeo 17;11/01/2016;592;47759;29314231;80;;
0ttYFIHzBXI;Curso PHP MySQL. Condicionales III. Switch - case. Vídeo 17;08/05/2015;826;47742;46998976;37;;
dLH-oay4Bts;Curso de Python. Excepciones III. Vídeo 23;28/06/2017;1281;47600;55970169;61;;
dD-ntlW5Tlc;Curso Java. Excepciones II. throws try catch. Vídeo 143;13/04/2015;864;47403;53921719;80;;
uUfYLGVLHfI;Curso JavaScript desde 0. Funciones I. Vídeo 21;30/08/2014;928;47366;52024907;92;;
NIwBiXyTbD4;Curso Access 2010 Avanzado Duplicados y no coincidentes. Vídeo 15;10/05/2013;274;47328;44434444;86;;
r-TibX-mxtM;Curso PHP MySQL. PDO Consultas preparadas. Vídeo 53;03/12/2015;653;46821;45163371;65;;
dA5pIY4Na_0;Curso Java. Interfaces y clases internas. Clases internas II. Vídeo 54;21/07/2014;1058;46603;37311868;19;;
sdwa-kkVLcg;Consulta con fechas. Access 2013;28/05/2014;276;46548;15329111;89;;
OfOG3Pq-_2k;Curso Access 2010 Avanzado. Relaciones y tipos de combinación I. Vídeo 12;20/03/2013;345;46509;5731828;99;;
SMLwQxlPa9w;Curso Java  Eventos VIII. Eventos de ratón I. Vídeo 72;16/09/2014;1023;46481;43502946;92;;
_XvIenBYJc8;Curso SQL. Consultas de acción I. Vídeo 12;09/11/2015;726;46473;43642969;45;;
xqbhdLthUPw;Curso HTML 5. Formularios I. Vídeo 21;04/03/2014;714;46434;66912009;63;;
N1HITfGqW74;Curso PHP MySql. Sistema de login II. Vídeo 60;02/03/2016;671;46334;43358575;60;;
Ls9wwC9MAlU;Curso Word 2010 AV. Documentos maestros. Vídeo 15;28/10/2013;352;46265;69834901;104;;
pwYcswfFaCI;Curso Access 2010 Avanzado  Importación II  Vídeo 3;30/01/2013;326;46227;46957569;35;;
E0H4OzW2_1Y;Curso Java. Streams II. Accediendo a ficheros  Escritura. Vídeo 153;22/05/2015;755;46142;41197032;45;;
GXfooS8Q4aU;Curso PHP MySQL. Programación Orientada a Objetos POO VI. Modificadores de acceso II. Vídeo 27;11/06/2015;841;45974;4349344;26;;
zH0VsRuD2ok;Curso de Python. Métodos de cadenas. Vídeo 33;06/09/2017;1174;45808;37769532;35;;
ppgIECS25Do;Curso Access 2010 Avanzado  Eventos  Vídeo 21;24/07/2013;281;45766;47600335;88;;
uU9jlYQHGQw;Curso PHP MySQL. Arrays III. Arrays multidimesionales. Vídeo 32;29/06/2015;1075;45672;54867748;31;;
O2VfQUZmcZY;Curso VBA Access. Programación ADO I. Vídeo 23;08/01/2014;343;45636;55424862;120;;
ZYg6jx6HZFA;Curso Word 2010 AV. Índices. Vídeo 7;22/10/2013;332;45631;63414335;51;;
2NGxN3Xvkjw;Curso VBA Excel. Bucle Do - Loop. Vídeo 18;01/03/2013;418;45584;63604485;58;;
kb9aIrCiyE4;Curso PHP MySQL. Página de búsqueda III. Vídeo 41;19/08/2015;774;45538;51144329;35;;
6MQSf8-DLo4;Curso Access 2010 Avanzado  Macros III  Vídeo 27;23/09/2013;308;45520;56701184;80;;
nRieWujis4s;Curso de Python. Paquetes. Vídeo 35;24/09/2017;1129;45336;44069706;47;;
eEhHMg-In8o;Curso Java. Sockets III  Creación de chat I. Vídeo 192;18/01/2016;698;45099;33876072;148;;
wFzjvb0w-8Q;Curso Java. Programación genérica  ArrayList II. Vídeo 162;18/06/2015;723;44936;33932426;73;;
1JR1uMF_wVw;Curso VBA Excel. Trabajo con procedimientos Práctica guiada. Vídeo 23;26/03/2013;343;44697;63405193;29;;
tgfRGOONJS0;Curso HTML 5. Inserción de Vídeos I. Vídeo 17;01/03/2014;713;44684;54645307;26;;
mTo6PMpBd2c;Curso VBA Excel  Formularios de Usuario  UserForms III  Vídeo 36;31/07/2013;328;44600;31180046;127;;
XP7iqGXFdoQ;Curso JavaScript desde 0. Control flujo. Condicional If III. Vídeo 13;12/08/2014;836;44477;60369277;33;;
mQajJT80_c4;Curso JavaScript desde 0 Funciones. Práctica guiada I. Vídeo 25;07/09/2014;819;44289;53275301;35;;
HZDXQTenpAQ;Curso PowerPoint 2013. Trabajo con tablas. Vídeo 11;14/04/2015;253;44255;44161365;63;;
L4JHl5LvXkQ;Curso VBA Excel. Trabajo con procedimientos III. Vídeo 21;19/03/2013;377;44142;55003516;33;;
kbTl3DaFJUk;Curso Python. Interfaces gráficas VI. Vídeo 47;06/04/2018;810;43993;32479386;54;;
2Xb_n-GUSU0;Curso PHP MySql. Modelo Vista Controlador II. Vídeo 79;06/08/2016;565;43902;4626816;78;;
kV1cN_bqcSw;Curso de Python  POO IX. Polimorfismo. Vídeo 32;04/09/2017;1238;43408;35695799;46;;
VBT8_uDrNcI;Curso Word 2010 AV. Listas numeradas y con viñetas. Vídeo 13;25/10/2013;307;43275;60952389;100;;
It3ls9dkIzg;Curso CSS Avanzado desde 0. Hojas de estilo internas y externas I Vídeo 2.mp4.;30/09/2012;645;42976;55489353;67;;
oIzt6ESA7nU;Curso Python. Interfaces gráficas VII. Vídeo 48;06/04/2018;795;42786;3123766;45;;
I8XYcl9-i5A;Curso PHP MySQL. Conexión a BBDD con POO. Vídeo 51;23/11/2015;674;42665;37743458;63;;
Np4xlVLtOts;Curso Excel 2019. Introducción. Vídeo 1;20/03/2019;1478;42208;17534083;414;;
FJdoK4xMg4I;Curso HTML 5. Eventos en HTML5 con JavaScript II. Vídeo 16;26/02/2014;653;42197;48746135;29;;
wBWg5nB2QzE;Curso PHP MySQL. Programación Orientada a Objetos POO VIII .Variables y métodos estáticos II. Vídeo;17/06/2015;805;42178;36873338;20;;
SbdbHvf5b7c;Curso Laravel. MVC. Vídeo 2;09/10/2017;1247;42175;22657104;121;;
R18w3gHAVeA;Curso PHP MySql. Sistema de login III. Cerrar sesión. Vídeo 61;15/03/2016;653;42145;36026168;68;;
qSNq7LWh9jw;Curso PHP MySQL. Bucles II. Bucle for. Vídeo 19;15/05/2015;769;41983;41745646;33;;
0dEYVSRYl_s;Curso Python. Archivos externos II. Vídeo 38;16/11/2017;902;41943;37613866;52;;
bMBQOGQDxRM;Curso Android. Emulador externo  Genymotion. Vídeo 7;20/03/2016;739;41898;27878076;26;;
3Qw3QQg1xYU;Curso PHP MySQL. Inyección SQL I. Vídeo 47;30/09/2015;726;41877;47373635;54;;
 -s1c-4mbNSQ;Curso JavaScript desde 0. Control flujo  Bucle While I. Vídeo 15;21/08/2014;828;41672;52901567;34;;
J8_LGy1gGqo;Curso JavaScript desde 0. JQuery II. Vídeo 30;01/10/2014;803;41650;47849908;45;;
18-j9OOHVQc;Curso C#. Sintaxis básica II. Vídeo 4;17/06/2018;1435;41646;60385355;82;;
Vzl7DM6wJSE;Píldoras rápidas. ¿Qué lenguaje estudiar?;05/03/2018;2081;41589;35228048;253;;
U3gFWe9tWec;Curso PHP MySQL. Insertando registros en BBDD MySql II. Vídeo 43;20/08/2015;637;41281;37115656;15;;
H5A5eXbyPxM;Curso Java. MVC I. Vídeo 248;04/04/2017;702;41274;33643225;107;;
gOpnLcXDmpA;Curso Java. JSP II. Vídeo 229;01/10/2016;671;41246;37744375;58;;
uskmbutZ_ho;Curso PowerPoint 2013. Trabajo con objetos II.Vídeo 5;03/04/2015;317;41244;49454902;49;;
XJb6qflbsx4;Curso SQL. DDL  Creación de tablas. Vídeo 16;28/12/2015;661;41023;38016913;102;;
KhPtWP1OuIM;Curso VBA Excel. Trabajo con procedimientos I. Vídeo 19;12/03/2013;444;40998;56597742;37;;
LMhk2Z7PcoE;Curso Java  Eventos X. Eventos de foco. Vídeo 74;19/09/2014;840;40967;47746812;42;;
5ma8P2bKY94;Curso Android. Layouts I. Vídeo 13;12/04/2016;740;40942;41680012;43;;
oTOie811crc;BuscarV Excel2013;27/05/2014;181;40688;8573102;71;;
Vr9vl0qlggE;Curso Python. Generar ejecutables. Fin de curso. Vídeo 78;12/02/2019;1310;40649;1910788;319;;
yfWcTBufkcM;Curso JavaScript desde 0. Funciones y eventos. Introducción a eventos  Vídeo 24;06/09/2014;924;40595;42188;55;;
56TX0_GK6ak;Curso Access 2010 Avanzado. Propiedades de tablas I. Vídeo 9;07/03/2013;282;40522;4815445;52;;
L_QzjDWoKDo;Curso Java  Componentes Swing. Creación de menús I. Vídeo 100;18/12/2014;790;40506;35062153;93;;
vovHwdwSUCY;Curso JavaScript desde 0. JQuery III. Vídeo 31;07/10/2014;741;40472;56376287;30;;
Zf9sN-w0BVE;Curso de Python. Paquetes distribuibles. Vídeo 36;11/10/2017;1039;40310;4583487;31;;
FrYs1us5yxo;Curso Java. Sockets II. Vídeo 191;05/01/2016;789;40091;45824489;115;;
LnO35TiFuQY;Curso Python. Interfaces gráficas VIII. Vídeo 49;16/04/2018;730;39775;38395478;43;;
Vo8L54OH6aE;Curso HTML 5. Formularios II. Validación y nuevos atributos. Vídeo 22;04/03/2014;588;39678;56078073;24;;
H_1kldp-d7I;Curso Java  Eventos VI  Eventos de ventana III. Controlando estado ventana. Vídeo 70;01/09/2014;874;39624;46944705;8;;
arCMuPRxZic;Curso Access 2010 Avanzado  Importación III  Vídeo 4;04/02/2013;301;39591;52090924;38;;
Z69sHnThNQ0;Curso Word 2010 AV  Notas al pie y al final  Vídeo 12;21/10/2013;285;39570;53596197;71;;
n7IKmbVKgdU;Curso JavaScript desde 0  Funciones II. Paso de parámetros. Vídeo 22;30/08/2014;799;39451;43848085;39;;
XCMyCxvtQ1c;Curso VBA Excel  Ejercicio Repaso II  Vídeo 16;24/02/2013;366;39450;53370161;15;;
UMoekwmZsRY;Curso PHP MySQL. Consultas preparadas  Evitando inyección SQL. Vídeo 49;06/11/2015;685;39384;45187034;38;;
QZrNfAJG3fA;Curso Java  Eventos V. Eventos de ventana II. Clases adaptadoras. Vídeo 69;26/08/2014;908;39376;3103952;18;;
BhKB02elYzQ;Curso Word 2010 AV. Vista esquema. Vídeo 14;25/10/2013;272;39012;43230835;62;;
4oXBNwZuCg4;Curso Java. Despliegue Aplicaciones. Applets I. Vídeo 132;28/02/2015;505;38991;3711422;73;;
YCCE4sbmWrw;Curso Java. Streams III. Usando buffers. Vídeo 154;23/05/2015;708;38873;34387821;54;;
XfOxyQcbawc;Curso PHP MySql. Login con hash. Vídeo 69;04/06/2016;622;38732;34448741;86;;
FhIDjFUCuhs;Curso JavaScript desde 0 Funciones III. Calculadora arcaica. Vídeo 23;30/08/2014;732;38642;39476007;22;;
q_j7FAKH96k;Curso HTML 5. Inserción de Vídeos II. Vídeo 18;01/03/2014;619;38631;59872405;18;;
F3doJFPc9sA;Curso Word 2010 AV  Combinación II  Vídeo 9;13/10/2013;277;38593;5795208;31;;
WDXUgfwhBG4;Curso VBA Access. Constantes y ámbitos. Vídeo 4;24/11/2013;349;38313;62571316;68;;
tA40GGmzrKY;Curso PHP MySql. Conexión a BBDD utilizando Clases POO. Vídeo 57;04/02/2016;641;38222;51254886;67;;
h31VfupJ9Ds;Curso JavaScript desde 0. Control flujo  Condicional If IV. Vídeo 14;12/08/2014;748;38175;36407467;17;;
0A69wgZFdMY;Curso VBA Excel. Trabajo con procedimientos Práctica guiada_II. Vídeo 24;27/03/2013;273;38171;4429937;24;;
sNHZhXeVA4c;Curso SQL. Procedimientos y triggers. Vídeo 24;23/03/2016;587;37987;35175607;73;;
SOimkkfQIOM;Curso Python. Serialización I. Vídeo 39;05/12/2017;862;37960;224463;38;;
rqHBXAZ9F9k;Curso Java. Colecciones II. Vídeo 180;02/11/2015;905;37826;46543365;123;;
dfF4WAaUX5c;Curso SQL  Vistas. Final curso. Vídeo 25;06/04/2016;868;37707;25911398;117;;
8ZMPJSf5_GE;Curso JavaScript desde 0  JQuery IV. Agregando contenido. Vídeo 32;10/10/2014;661;37641;49315571;18;;
5NOV_Yuk8Ps;Curso Java  Programación genérica. ArrayList III  Iteradores. Vídeo 163;24/06/2015;647;37572;21925981;62;;
Tmbb-_EUFE8;Curso Access 2010 Avanzado  Vinculación  Vídeo 8;27/02/2013;265;37540;38604162;31;;
2sDk0WbrJ9A;Curso VBA Excel. Trabajo con procedimientos IV. Vídeo 22;21/03/2013;332;37428;50005481;19;;
k__6BKdCaQ8;Curso SQL. Índices. Vídeo 18;25/01/2016;581;37367;33004487;57;;
YSCNtyNqizk;Curso Java  Eventos XII. Múltiples fuentes I. Vídeo 76;25/09/2014;779;37277;41901655;19;;
K33LMSRSSTc;Curso VBA Excel  Gráficos I  Vídeo 39;10/09/2013;266;37259;34136551;107;;
cT4fI4DC3x4;Curso HTML 5. Formularios III.Datalist y API forms. Vídeo 23;05/03/2014;525;37198;51696717;19;;
PuCdTAayogg;Curso Laravel. Instalación II. Vídeo 4;07/11/2017;639;37075;26528766;25;;
7l-s4fXrfrw;Curso Android. Creación de menú I. Vídeo 33;20/07/2016;551;36756;37806524;115;;
6m87N7K5IL4;Curso Word 2010 AV. Protección de documentos. Vídeo 18;07/11/2013;259;36670;58346507;77;;
1wqXotC_tTw;Curso VBA Excel Formularios. Práctica guiada_IV. Vídeo 26;10/05/2013;302;36462;33628405;34;;
zxUBtpdr6s0;Curso Access 2010 Avanzado  Informes III  Vídeo 24;27/08/2013;250;36212;25458866;89;;
aE-hLB9dwX8;Curso PowerPoint 2013. Animaciones II. Vídeo 19;30/04/2015;259;36175;33079064;67;;
Arwi9j2OWu4;Curso VBA Excel Formularios. Práctica guiada_V. Vídeo 27;20/05/2013;316;36151;46325437;42;;
YfYUOUGMaXU;Curso Python. Interfaces gráficas IX. Vídeo 50;23/04/2018;727;36090;19948977;31;;
38YBRnJtQEw;Curso Java  Streams IV. Leyendo archivos. Streams Byte I. Vídeo 155;27/05/2015;620;35974;35439405;40;;
J3qvf1fTCsU;Curso Python. Guardado permanente. Vídeo 41;17/01/2018;863;35908;48989249;28;;
ZT5vTaov9NY;Curso Java. Despliegue Aplicaciones. Java Web Start. Vídeo 141;31/03/2015;512;35767;28224655;126;;
Wa1cG8kITqc;Curso Laravel. Instalación III. Vídeo 5;08/11/2017;494;35739;3094894;14;;
FAOGZuvvwrE;Curso Java. Layouts II. Vídeo 82;14/10/2014;779;35702;3587447;26;;
pl_FZDDDPZY;Curso Java. Componentes Swing. Cuadros de texto I. Vídeo 86;11/11/2014;664;35638;31763842;23;;
2djO4LzcSNw;Curso PHP MySql. Modelo Vista Controlador III. Vídeo 80;06/08/2016;538;35607;31905907;54;;
0cbEpbe-cgY;Curso PHP MySQL. Actualizando registros en BBDD MySql II. Vídeo 46;14/09/2015;592;35422;40107046;22;;
CYbMqCV1mi4;Curso Java. Threads II  Interrupción de hilos. Vídeo 169;24/07/2015;610;35391;39240224;52;;
MFu8a_LpnIc;Curso Java. Programación genérica. Qué es  Por qué utilizarla. Vídeo 164;27/06/2015;723;35185;39752136;79;;
_kIWDzZUdA8;Curso SQL. Referencias cruzadas. Vídeo 15;13/12/2015;533;35121;3627171;46;;
 -KRz46_gGoM;Curso Java  Programación genérica. Creación clases genéricas propias. Vídeo 165;30/06/2015;693;35071;33643982;88;;
TTlBR2jLmn0;Curso SQL. Consultas de acción II. Eliminación. Vídeo 13;16/11/2015;545;35063;4369361;15;;
TmQZBzwIMGk;Curso Python. Interfaces gráficas XIII. Vídeo 54;29/05/2018;596;34955;17245605;40;;
Py96zzymLA4;Curso Java. Layouts III. Vídeo 83;04/11/2014;853;34891;43230573;22;;
5sLU-drd8P4;Curso SQL. Triggers III Disparadores. Vídeo 22;10/03/2016;548;34881;32678233;58;;
hbmu-FH-BJY;Curso Java. Fin de curso. Generar documentación. Vídeo 276;14/01/2018;1106;34700;14725742;186;;
8FQnwZrr8Ck;Curso Java  Eventos XIII. Múltiples fuentes II. Vídeo 77;25/09/2014;720;34683;42404383;39;;
b1htaYhRawk;Curso Java. Colecciones III. Métodos equals y hashCode. Vídeo 181;04/11/2015;674;34664;37545442;91;;
y8R0uZw-nL0;Curso Access 2010 Avanzado  Informes II  Vídeo 23;25/08/2013;189;34305;39546161;29;;
QdzPfkmXX2E;Curso JavaScript desde 0  Funciones. Práctica guiada II. Vídeo 26;17/09/2014;692;34049;41010473;24;;
9Zflg2FnVjo;Curso Java  Eventos IX. Eventos de ratón II. Vídeo 73;16/09/2014;768;34042;35510705;23;;
rKUbNFgjI8Y;Curso PHP MySql. PDO Insertar y eliminar registros en BBDD. Vídeo 56;16/01/2016;507;33784;25622851;22;;
XDRq-J0j-xI;Curso VBA Access. Operadores I. Vídeo 5;06/12/2013;291;33727;42658057;41;;
ltwlQKMn1hk;Curso Java. Colecciones XI  Mapas. Vídeo 189;25/12/2015;739;33698;34758316;132;;
cPTPfpWp5zA;Curso VBA Excel. Trabajo con procedimientos II. Vídeo 20;12/03/2013;342;33658;40344201;20;;
 -RwdksWQpnQ;Curso C#. Sintaxis básica III. Vídeo 5;23/06/2018;1225;33657;37120224;66;;
Yn23xVjaSQw;Curso Laravel. Routes (Las rutas). Vídeo 6;13/11/2017;644;33551;38107332;87;;
8Pnl8WcXSus;Curso PHP MySql. Sesiones y PHP SELF. Vídeo 62;30/03/2016;559;33544;35085486;36;;
eKKgPmQ2Z-4;Curso Android. Layouts II: LinearLayout. Vídeo 14;12/04/2016;656;33529;45193194;27;;
q2ByhGh40wg;Curso VBA Excel  Ejercicio Repaso III  Vídeo 17;24/02/2013;337;33437;28077728;11;;
AQn74J9lPyA;Curso JavaScript desde 0. Control flujo. Bucle Do  While I. Vídeo 17;23/08/2014;696;33171;39665352;13;;
9CUtIRtj8IM;Curso HTML 5. Inserción Vídeos III. Vídeo 19;02/03/2014;615;33132;44356074;22;;
8MGgaIU6miU;Curso PowerPoint 2013. Trabajo con imágenes. Vídeo 12;15/04/2015;208;33001;22755231;40;;
7w5PpdHKndc;Curso JavaScript desde 0. Ajax I. Vídeo 68;19/02/2015;697;32995;32530418;132;;
Mostrando los 500 resultados principales;;;;;;;;
